{"version":1,"resource":"vscode-remote://timmeb1-mijnwebsite-wh2jp5oijgu.ws-eu105.gitpod.io/workspace/mijn-website/index.html","entries":[{"id":"gsSV.html","timestamp":1695908942033},{"id":"EqOz.html","timestamp":1695909439941},{"id":"rsVu.html","timestamp":1695909865976},{"id":"0LYW.html","timestamp":1695909982508},{"id":"xY1o.html","timestamp":1695910293932},{"id":"A1uW.html","timestamp":1695976236427},{"id":"kOBW.html","timestamp":1695976257991},{"id":"2t1q.html","timestamp":1695976321391},{"id":"ZIMK.html","timestamp":1695976465350},{"id":"XDMy.html","timestamp":1695976860678}]}