{"version":1,"resource":"vscode-remote://timmeb1-mijnwebsite-wh2jp5oijgu.ws-eu104.gitpod.io/workspace/mijn-website/spelers.html","entries":[{"id":"gcCp.html","timestamp":1695721741928},{"id":"UUNq.html","timestamp":1695721908352},{"id":"cYCq.html","timestamp":1695721926768},{"id":"2k1g.html","source":"renamed.source","timestamp":1695721962492},{"id":"Osiy.html","source":"renamed.source","timestamp":1695721976809},{"id":"atpo.html","timestamp":1695722027560},{"id":"hXaY.html","timestamp":1695722043292},{"id":"rHI8.html","source":"renamed.source","timestamp":1695722050111},{"id":"pNUp.html","timestamp":1695722287123},{"id":"DvsY.html","timestamp":1695722298939}]}