{"version":1,"resource":"vscode-remote://timmeb1-mijnwebsite-wh2jp5oijgu.ws-eu105.gitpod.io/workspace/mijn-website/info.html","entries":[{"id":"SqlH.html","timestamp":1695908631501},{"id":"RU43.html","timestamp":1695908774177},{"id":"XZA5.html","timestamp":1695908904133},{"id":"40WH.html","timestamp":1695908923489},{"id":"BQCs.html","timestamp":1695909190133},{"id":"eJVO.html","timestamp":1695909429041},{"id":"B780.html","timestamp":1695909693580},{"id":"Rk6s.html","timestamp":1698140066395},{"id":"E5D6.html","timestamp":1698140088235},{"id":"UQ64.html","timestamp":1698140325803},{"id":"FCN9.html","timestamp":1698140358231},{"id":"VUGb.html","timestamp":1698140467223},{"id":"4XA3.html","timestamp":1698140485803},{"id":"sho0.html","timestamp":1698140509187},{"id":"NHp3.html","timestamp":1698140602487}]}