[{"identifier":{"id":"gitpod.gitpod-theme","uuid":"985c019b-4620-45a7-92c5-b721d8c11bc0"},"version":"0.0.2","location":{"$mid":1,"fsPath":"/ide/extensions/gitpod.gitpod-theme","path":"/ide/extensions/gitpod.gitpod-theme","scheme":"file"},"metadata":{"id":"985c019b-4620-45a7-92c5-b721d8c11bc0","publisherId":"b14dd147-c094-42f1-a071-67378bf792a3","publisherDisplayName":"gitpod","targetPlatform":"universal","isApplicationScoped":true,"isMachineScoped":true,"isBuiltin":true,"isSystem":true,"updated":true,"isPreReleaseVersion":false,"installedTimestamp":1698139288027,"preRelease":false}},{"identifier":{"id":"github.vscode-pull-request-github","uuid":"69ddd764-339a-4ecc-97c1-9c4ece58e36d"},"version":"0.74.0","location":{"$mid":1,"path":"/workspace/.vscode-remote/extensions/github.vscode-pull-request-github-0.74.0-universal","scheme":"file"},"relativeLocation":"github.vscode-pull-request-github-0.74.0-universal","metadata":{"id":"69ddd764-339a-4ecc-97c1-9c4ece58e36d","publisherId":"7c1c19cd-78eb-4dfb-8999-99caf7679002","publisherDisplayName":"GitHub","targetPlatform":"universal","isApplicationScoped":true,"isMachineScoped":true,"isBuiltin":true,"updated":true,"isPreReleaseVersion":false,"installedTimestamp":1697185526120,"preRelease":false}},{"identifier":{"id":"mhutchie.git-graph","uuid":"438221f8-1107-4ccd-a6fe-f3b7fe0856b7"},"version":"1.30.0","location":{"$mid":1,"path":"/workspace/.vscode-remote/extensions/mhutchie.git-graph-1.30.0-universal","scheme":"file"},"relativeLocation":"mhutchie.git-graph-1.30.0-universal","metadata":{"id":"438221f8-1107-4ccd-a6fe-f3b7fe0856b7","publisherId":"996496dc-099f-469d-b89c-0d7713179365","publisherDisplayName":"mhutchie","targetPlatform":"universal","updated":false,"isPreReleaseVersion":false,"installedTimestamp":1697185823150,"preRelease":false}}]