{"version":1,"resource":"vscode-remote://timmeb1-mijnwebsite-wh2jp5oijgu.ws-eu104.gitpod.io/workspace/mijn-website/index.html","entries":[{"id":"sxLg.html","timestamp":1695721061000},{"id":"3AeV.html","timestamp":1695721130588},{"id":"3KIM.html","timestamp":1695721252080},{"id":"MUw6.html","timestamp":1695721272320},{"id":"RjC3.html","timestamp":1695721304808},{"id":"SjU3.html","timestamp":1695721331528},{"id":"mMCX.html","timestamp":1695721344028},{"id":"dgRL.html","timestamp":1695721369588},{"id":"YaDO.html","timestamp":1695721456348},{"id":"CeSM.html","timestamp":1695722234819},{"id":"6uiu.html","timestamp":1695722304183},{"id":"hQrA.html","timestamp":1695722441283},{"id":"IXjI.html","timestamp":1695722468595},{"id":"FyeY.html","timestamp":1695722479031},{"id":"bawc.html","timestamp":1695722670751},{"id":"2ang.html","timestamp":1695722760951},{"id":"8TXG.html","timestamp":1695723468430},{"id":"DjnL.html","timestamp":1695723479762},{"id":"djPE.html","timestamp":1695723499642},{"id":"BK0t.html","timestamp":1695723512822},{"id":"9V5J.html","timestamp":1695723531158},{"id":"TyCp.html","timestamp":1695723548018},{"id":"J7sz.html","timestamp":1695723586230}]}