{"version":1,"resource":"vscode-remote://timmeb1-mijnwebsite-wh2jp5oijgu.ws-eu105.gitpod.io/workspace/mijn-website/style.css","entries":[{"id":"Qf7W.css","timestamp":1698141528339},{"id":"zuVZ.css","timestamp":1698141553975},{"id":"O8Tn.css","timestamp":1698141585771},{"id":"kkxk.css","timestamp":1698141619051},{"id":"Ae92.css","timestamp":1698141650795},{"id":"zlhQ.css","timestamp":1698141760323},{"id":"iYUC.css","timestamp":1698141802767},{"id":"GN9J.css","source":"undoRedo.source","timestamp":1698141813635},{"id":"vfZI.css","timestamp":1698141834075},{"id":"azFW.css","timestamp":1698141850079},{"id":"o5HK.css","timestamp":1698141886927},{"id":"p6dM.css","timestamp":1698141906875},{"id":"8QEB.css","timestamp":1698141917923},{"id":"PvWq.css","timestamp":1698142005875},{"id":"ZvLU.css","timestamp":1698142109607},{"id":"XZk7.css","timestamp":1698142160907},{"id":"dzJ4.css","timestamp":1698142321759},{"id":"KHln.css","timestamp":1698142408127},{"id":"Q7ql.css","source":"undoRedo.source","timestamp":1698142415691},{"id":"tQ2N.css","timestamp":1698142438091},{"id":"0DTI.css","source":"undoRedo.source","timestamp":1698142442787},{"id":"q3xq.css","timestamp":1698142452395},{"id":"x2wn.css","timestamp":1698142465035},{"id":"cCVO.css","timestamp":1698142479355},{"id":"pPk8.css","timestamp":1698142504623},{"id":"6Ufp.css","timestamp":1698142538903},{"id":"iHLz.css","timestamp":1698142587627},{"id":"fcZQ.css","timestamp":1698142605511},{"id":"UQDu.css","timestamp":1698142641691},{"id":"h8WS.css","timestamp":1698142708803},{"id":"2NMY.css","timestamp":1698142766459},{"id":"Y18K.css","timestamp":1698142778235},{"id":"G6Im.css","timestamp":1698142808523},{"id":"ThLM.css","timestamp":1698142882551},{"id":"lIIf.css","timestamp":1698142894999},{"id":"u3gQ.css","timestamp":1698142921359},{"id":"VGgD.css","timestamp":1698142931723},{"id":"jsrW.css","timestamp":1698142947115},{"id":"78cR.css","timestamp":1698142988655},{"id":"8GUA.css","timestamp":1698143006751},{"id":"QGrs.css","timestamp":1698143073343},{"id":"tLoO.css","timestamp":1698143157135},{"id":"OtLW.css","timestamp":1698143250223},{"id":"kQs5.css","timestamp":1698143328803},{"id":"eRbQ.css","timestamp":1698143339211},{"id":"7jBB.css","timestamp":1698143360939},{"id":"Y4NR.css","timestamp":1698143375647},{"id":"Kfdy.css","timestamp":1698143386047},{"id":"Jdk2.css","timestamp":1698143399331},{"id":"pCG2.css","timestamp":1698143410151}]}